text,subject
"Kabul (CNN)A senior Taliban official has repeated the group's as-yet-unfulfilled pledge to allow girls back into high school, saying there would be 'good news soon,' but suggested that women who protested the regime's restrictions on women rights should stay home. Sirajuddin Haqqani, Afghanistan's acting interior minister and the Taliban's co-deputy leader since 2016, made the comments in an exclusive, first on-camera interview showing his face with CNN's Christiane Amanpour in Kabul. In March after many promises that girls would be able to attend secondary school, the Taliban reversed their decision, postponing the return indefinitely. When asked about Afghan women who say they are afraid to leave their homes under Taliban rule, and those who have reported a chilling effect of the militant group's leadership, Haqqani added with a laugh: 'We keep naughty women at home.' After being pressed to clarify his comment by Amanpour, he said: 'By saying naughty women, it was a joke referring to those naughty women who are controlled by some other sides to bring the current government into question.' Haqqani also set out some parameters for the future of women and work, which will be limited by the Taliban's interpretation of Islamic law and 'national, cultural and traditional principles.' 'They are allowed to work within their own framework,' he told Amanpour. The Taliban minister was speaking in his first on-camera interview with a Western media outlet in years, just months after showing his face in public for the first time. The high-ranking and intensely secretive official is wanted by the FBI and has been classified by the US State Department as a 'specially designated global terrorist.' He has a $10 million bounty on his head. Haqqani was speaking in his first on-camera interview with a western media outlet in years. His comments on girls' education and the rights of women punctuated a series of claims that 'there is no one opposed to (girls') education' in the Afghan government. 'Already girls are allowed to go to school up to grade 6, and above that grade, the work is continuing on a mechanism,' Haqqani said. 'Very soon, you will hear very good news about this issue, God willing,' he added, without specifying a timeframe. Afterwards, Haqqani's aides said the interview was an effort to open a new chapter in relations with the US and the world. But the Taliban have repeatedly made assurances to the international community that it will protect the rights of women and girls since seizing Afghanistan last August, while simultaneously stripping away many of their freedoms and protections. Many school-age girls and women have already lost hope. 'Their entire government [is] against girls' education,' 19-year-old Maryam told CNN on Tuesday. 'I don't believe that the Taliban fulfil their promises ... they don't understand our feelings.' 'Step by step they are taking all our freedoms,' added Fatima, 17. 'The Taliban now and the Taliban of the 90s are the same — I don't see any change on their policy and rules. 'Our only hope is the international community brings extreme pressure on the Taliban to allow girls to go to school. Nothing else [will] work.' Maryam and Fatima, like the other women CNN spoke to, did not provide their last names due to concerns about their security. Haqqani's comments will likely do little to encourage observers that the Taliban are serious about their commitments. 'Everyone from the Taliban leadership has zero credibility on this issue,' Heather Barr, associate director of the Women's Rights Division at international watchdog Human Rights Watch, told CNN. 'They have made representations about their supposed respect for women and girls,' since taking power, Barr added. 'Every day after that there was a new crackdown on women, and that's continued to intensify over time.' The G7 foreign ministers and the High Representative of the European Union last week expressed their 'strongest opposition' against the growing restrictions imposed by the Taliban on women's and girls' rights. Haqqani told CNN the international community's 'judgements, research, and decision making are all one-sided,' adding: 'We are still at the preliminary phase. It has barely been eight months since we took over the government ... we are yet to bring the situation back to normal.' After taking power, the Taliban have warned women to stay home and their fighters have used whips and sticks against those protesting. In the subsequent months, they have been banned from large swathes of public life -- from appearing on television to taking long road trips alone. A new decree earlier this month said women must cover their faces in public. When pressed by Amanpour on whether all women have to cover their faces, Haqqani responded: 'We are not forcing women to wear [the] hijab, but we are advising them and preaching to them from time to time ... [the] hijab is not compulsory but it is an Islamic order that everyone should implement.' On the streets of Kabul, the growing isolation of women from society has left many in economic peril. 'I have to work,' a woman named Khotima told CNN. 'They should let us work because we have to become the men of the family so we can find bread for the children.' 'When you don't have money, when you don't have [a] job, you don't have income, would you be able to eat proper food when there is no work?' added another woman named Farishta. Haqqani was speaking with CNN two months after the Taliban released rare photographs of the minister at a ceremony for police officers. Prior to that, he had rarely been seen in public; his FBI 'Most Wanted' poster features only a grainy picture showing part of his face. He is wanted by the agency for questioning in connection with a 2008 attack on a hotel in Kabul that killed six people including a US citizen; the US government says Haqqani admitted to planning the attack in a previous media interview. He is part of the family that forms the Haqqani network, the Islamist militant organization founded by his father Jalaluddin Haqqani, which was designated as a terrorist group by the United States in 2012. Haqqani told CNN that 'In the future, we would like to have good relations with the United States and the international community,' adding: 'currently we do not look at them as enemies.' But he made repeated assurances about women's rights and education for girls that were at odds with the observations of global watchdogs and governments. 'The international community is raising the issue of women's rights a lot. Here in Afghanistan, there are Islamic, national, cultural, and traditional principles,' he said. 'Within the limits of those principles, we are working to provide them with opportunities to work and that is our goal.' The Taliban released a so-called 'decree on women's rights' in December that failed to mention access to education or work and was immediately criticized by Afghan women and experts, who said it was proof that the militant group was uninterested in upholding basic freedoms for millions of women. Afghan girls above grade 6 were due to go back to school in March for the first time since the Taliban's takeover, but were told to stay home until an appropriate school uniform according to Sharia and Afghan customs and culture is designed, the Taliban-run Bakhtar News Agency reported at the time. Haqqani told CNN the delay was necessary while leaders design the 'mechanism' through which girls can return to education. 'There were some shortcomings within the preparations that were ongoing. Work is ongoing on those issues,' he said. But experts expressed skepticism that their motives are different than was the case between 1996 and 2001, when the first Taliban regime barred girls from studying. 'They always said the conditions aren't right now, [but they would] figure it out,' Barr said. 'In those five years, that moment never came. So very clearly to women and girls, that was always a lie, and that's how it feels this time as well.' Haqqani was also questioned on the status of Mark Frerichs, a US veteran and contractor who was kidnapped in Kabul in late January 2020 and is believed to be held by the Haqqani network. A proof of life video, apparently filmed in November 2021, emerged in April, in which Frerichs said: 'I'd like to ask the leadership of the Islamic Emirate of fghanistan, please, release me. Release me so that I may be reunited with my family.' Haqqani told CNN: 'That is what they think, that he is with us ... There is no obstacle from the Emirate side for his release. If the United States accepts the Islamic Emirate's conditions, the issue of his release could be solved in a day. 'About the assumptions that he might be with us, I want to say that we are part of the Islamic Emirate, we are committed to obey the orders of Amirul Momineen, the Supreme Leader,' he added. 'Efforts are ongoing at the government level, and a team is designated for negotiations with them.' When reached for comment, a US State Department spokesperson told CNN: 'The safe and immediate release of US citizen and Navy veteran Mark Frerichs is imperative. We have made that clear to the Taliban and called on them to release him immediately in practically every conversation over the past two years.'",World
"The European Commission has given more details on how it plans to end Europe's dependence on Russian fossil fuels. Russia supplies 40% of the EU's natural gas and 27% of its imported oil. The EU sends the country roughly €400 billion a year in return. Now the EU plans to speed up its shift to green energy but says it must also invest in pipelines in other countries. It has been accused of helping fund the war in Ukraine through its use of Russian energy. The REPowerEU strategy was first announced in March with the stated aim of reducing Russian gas imports by two thirds in 2022. Rising energy costs have also put financial pressure on consumers and businesses in Europe now facing higher bills. 'We are taking our ambition to yet another level,' European Commission President Ursula von der Leyen said as she presented the update at a briefing in Brussels, Belgium. The REPowerEU plan is estimated to cost €210 billion (£178 billion) over the next five years. Energy Saving The Commission report highlights energy saving as the 'cheapest, safest and cleanest' way to reduce dependence on Russian fuel. It wants to improve how buildings of insulated, as well as encourage consumers to be more aware of energy use. It also plans to speed up the transition from fossil fuel burning boilers to electric heat pumps (a device that absorbs heat from the air, ground or water around a building) Plans to reduce energy consumption in the EU have also made more ambitious, from the original plan of a 9% cut to 13% cut by 2030. More green energy The bloc has earmarked €113 billion for a 'massive scale up in renewables' and new hydrogen infrastructure. New EU legislation is being proposed to make it easier to build solar and wind farms. 'Whenever we talk about rapid deployment of renewables, there is an elephant in the room- getting a permit,' said Frans Timmermans, vice president of the European Commission. 'It might take as long as nine years for wind and up to four years for solar projects, so this is time that we do not have and we have to speed things up,' he added. The Commission has proposed specially designated 'go-to' areas where permission can be given in just one year. Certain new buildings could also be required to have solar panels installed on the roof. The EU target for renewable energy has also been more raised. The goal is for green energy to provide 45% of energy needs by 2030, up from 40%. More gas and oil infrastructure Even if they are fast-tracked in special zones, new wind and solar plants will still take time. To quickly diversify from Russian fossil fuels, the EU is investing up to €12 billion in pipelines and Liquified Natural Gas (LNG) terminals to improve access to gas and oil from other countries including Egypt, Israel and Nigeria. Some environmental groups have criticised the news. Instead they want to see a decisive break with fossil fuels. 'The European Commission's latest strategy gives with one hand and takes with the other,' said Eilidh Robb, an anti-fossil fuels campaigner at Friends of the Earth. 'So-called REPowerEU contains useful and necessary strides towards renewable solutions but it simultaneously enables almost 50 fossil fuel infrastructure projects and expansions,' she added.",World
"A 21-year-old Russian soldier has pleaded guilty to killing an unarmed civilian, in the first war crimes trial in Ukraine since the war started. Vadim Shishimarin admitted shooting a 62-year-old man a few days after the invasion began. He faces life in jail. The prisoner was brought into the tiny Kyiv courtroom in handcuffs, flanked by heavily armed guards. He looked nervous, and kept his head bowed. The widow of the man killed was sitting just a couple of metres from him. She wiped tears from her eyes as the soldier entered court, then sat with hands clasped as the prosecutor set out his case, describing the moment Kateryna's husband, Oleksandr Shelipov, was shot in the head. 'Do you accept your guilt?' the judge asked. 'Yes,' Shishimarin replied. 'Totally?' 'Yes,' he replied quietly from behind the glass of his grey metal-and-glass cage. Prosecutors say Shishimarin was commanding a unit in a tank division when his convoy came under attack. He and four other soldiers stole a car, and as they travelled near Chupakhivka, they encountered the 62-year-old on a bicycle, they said. According to prosecutors, Shishimarin was ordered to kill the civilian and used a Kalashnikov assault rifle to do so. The Kremlin said earlier it was not informed about the case. Shishimarin's trial was adjourned shortly after the civilian's widow heard for the first time the Russian soldier admit to the murder. This high profile hearing will restart on Thursday in a larger courtroom. Oleksandr's widow told the BBC how she was coping, before she left the court for the day. 'I feel very sorry for him [Shishimarin],' she said. 'But for a crime like that - I can't forgive him.' Ukraine has so far identified more than 10,000 possible war crimes committed by Russia. The country's chief prosecutor Iryna Venediktova tweeted: 'By this first trial, we are sending a clear signal that every perpetrator, every person who ordered or assisted in the commission of crimes in Ukraine shall not avoid responsibility,' Moscow has denied its troops have targeted civilians, but investigators have been collecting evidence of possible war crimes to bring before the International Criminal Court (ICC) in The Hague. The ICC is sending a team of 42 investigators, forensics experts and support staff to Ukraine. Meanwhile, Ukraine has also set up a team to preserve evidence to enable future prosecutions.",World
"Istanbul, Turkey (CNN)Just when it seemed like Finland and Sweden's accession into NATO was imminent, Turkey has taken its allies by surprise by throwing a wrench into the works. President Recep Tayyip Erdogan said he didn't view 'positively' the Nordic countries' desire to join the alliance, accusing the two of being 'like guesthouses for terror organizations.' He told his party lawmakers in Ankara on Wednesday that he expects NATO members to 'understand, respect and support' Turkey's security issues. Finland and Sweden formally applied to join NATO on Wednesday at Allied headquarters in Brussels, driven by Russia's invasion of Ukraine. The decision represents a setback for Moscow, with the war in Ukraine triggering the kind of enlargement of the alliance that it invaded Ukraine to prevent. Accession of new states however requires consensus among existing members, and that's where Ankara comes in. Turkey, which joined the alliance three years after it was established in 1949 and has the group's second largest army, has said it won't support the bids unless its demands are met. Erdogan accused the two countries of harboring members of the separatist militant Kurdistan's Workers Party, also known as PKK. The PKK, which seeks an independent state in Turkey, has been in an armed struggle with that country for decades and has been designated a terrorist organization by Turkey, the United States and the European Union. The crisis has brought to the fore longstanding Turkish grievances against Western nations and NATO allies, while it has given Ankara an opportunity to use its position in the alliance to extract concessions. Turkey has complained about the lack of support it has received in its fight against Kurdish militants, which Ankara perceives as its top national security threat. It has accused Sweden of harboring its adversaries and providing support to Kurdish militants in northern Syria, whom Ankara considers an extension of the PKK. Ankara also says that the two nations haven't responded to extradition requests, according to state media. The wanted individuals are accused of having links to the PKK as well as FETO -- the group led by US-based cleric Fetullah Gulen whom Turkey believes was behind the 2016 failed coup attempt (an allegation Gulen denies). Finland and Sweden voiced optimism on Tuesday that common ground can be found with Turkey over its objections. Sweden's finance minister Mikael Damberg told public broadcaster SVT on Monday that his country is not a 'friend of terrorism,' and that it takes 'very seriously anything that has to do with terrorism.' 'We will of course use diplomacy, we will clarify any possible uncertainties,' he said. Swedish Foreign Minister Ann Linde said on Saturday that her country, just like the rest of the EU, considered PKK a terrorist organization. The government has said it is ready to iron out any obstacles in talks with Turkey. Ankara has also demanded that Sweden and Finland drop an arms embargo that was slapped on Turkey in 2019 following its military offensive in northeastern Syria. Turkey launched the operation against the Kurdish-led YPG forces that were allied with the United States and other Western nations in their fight against ISIS. The offensive drew condemnation from the US and the EU, and led several European countries to impose an arms embargo on Ankara. 'We would not say yes to those who impose sanctions on Turkey to join NATO,' Erdogan told reporters Monday evening. 'Because then NATO would cease to be a security organization and become a place where representatives of terrorist organizations are concentrated.' The Turkish President is no stranger to fiery rhetoric, particularly around the time of elections, when a boost on the home front could help at the polls. Turkey goes to elections next year and experts believe the current state of the economy -- record-high inflation and a currency that has lost nearly half its value in the past year -- will cost Erdogan at the polls. Analysts say that Turkey's veto in NATO may be used as leverage not just against future members, but current ones too. 'It may not all be about Sweden and Finland,' Asli Aydintasbas, senior policy fellow at the European Council on Foreign Relations wrote in an article. 'The president almost certainly sees this as an opportune moment to air his grievances about existing NATO members, especially with the Biden administration, which has kept the Turkish leader at arm's length.' A key issue might be the Turkish President's disappointment at being unable to establish a working relationship with US President Joe Biden as he did with his predecessors, according to Aydintasbas. Erdogan complained to reporters last month that he and Biden didn't have the kind of relationship he had with Presidents Trump and Obama. 'Of course, there are some meetings from time to time, but they should've been more advanced,' he said. 'My wish is that we can achieve this in the following process.' This isn't the first time Turkey has objected to new members, Aydintasbas pointed out. 'It is unlikely that Erdogan had one specific policy goal in mind, but he will no doubt expect to be cajoled, persuaded, and eventually rewarded for his cooperation, as in the past,' Aydintasbas wrote on Monday referring to previous Turkish veto threats within NATO. While Turkey has security concerns that even the NATO Secretary General Jens Stoltenberg has said must be addressed, the optics are far from flattering, with Turkey choosing to air its grievances and appear as a spoiler at a time when the alliance's unity may have never been more important.",World
"Jerusalem (CNN)The brother of slain Al Jazeera journalist Shireen Abu Akleh Monday blasted the violent intervention by Israeli police into her funeral as 'unacceptable and unjustifiable.' 'They could have easily blocked the road if they didn't want to see the funeral leave the hospital but the attack was intentional and brutal,' Tony Abu Akleh told CNN. Speaking at St. Joseph Hospital in East Jerusalem, where Friday's funeral procession began, he said he had spoken to Israeli police before the event. 'The police called me and asked me to go to the police station and they wanted to know the route of the procession and the arrangements taken for the funeral. They asked us not to have any Palestinian flags risen, any slogans or chanting. They didn't want to hear that,' Abu Akleh said. 'And they wanted to know the number of participating in the funeral procession. I told them I can't give you any promises, I don't have the numbers and I can't control the crowd. This funeral is a national funeral for everyone to participate in. And that is what we saw,' he added. The hospital condemned the 'violent intrusion of the Israeli Police' in a statement on Monday. St. Joseph Hospital called the events a 'severe violation of international norms and regulations.' 'We, the Bishops and the faithful of the Christian Churches in the Holy Land, hereby condemn the violent intrusion of the Israeli Police into a funeral procession of the slain journalist Shireen Abu Akleh, as it was going from St. Joseph Hospital to the Greek-Melkite Cathedral Church,' the statement said. 'Israeli Police's invasion and disproportionate use of force, attacking mourners, striking them with batons, using smoke grenades, shooting rubber bullets, frightening the hospital's patients is a severe violation of international norms and regulations,' the statement added. 'The police assaulted the holiness of the site and the campus of the hospital and the funeral without consideration, knowing that the St. Joseph Hospital is under the auspices of the Vatican and protected by the French government,' it added. In security camera footage shared by the hospital on Monday, more than a dozen police officers are seen pouring into the hospital building with batons drawn and moving aggressively through corridors. CNN has reached out to Israel Police for a response to the St. Joseph Hospital allegations. Israeli Minister of Public Security Omer Bar-Lev told CNN on Saturday the police 'acted to allow the funeral procession for journalist Shireen Abu Akleh to proceed in an orderly fashion, in coordination with her family and from a clear understanding of sensitivity and complexity of the event. He added that 'during the course of the funeral, severe violent events unfolded on the part of those participating that worsened the situation on the ground.' Israeli authorities have said they will investigate the incident, with the police tweeting: 'Israel Police supports its police officers, but as a professional organization that seeks to learn and improve, it will also draw lessons from the incident.' Abu Akleh, 51, was shot and killed in Jenin on Wednesday. Palestinian and Israeli authorities are separately investigating the killing. Al Jazeera has accused Israel of intentionally killing the veteran journalist.",World
"India's Supreme Court has ordered the release of one of the men convicted of involvement in the 1991 murder of former prime minister Rajiv Gandhi. AG Perarivalan had spent over 30 years in jail. In 1998, he was given a death sentence, but it was later commuted. Arrested aged 19, Perarivalan was convicted of procuring batteries that were used in the bomb to kill Gandhi. The ex-PM was assassinated by a female suicide bomber as he addressed an election rally in Tamil Nadu state. Gandhi's killing was widely seen as retaliation for his having sent Indian peacekeepers to Sri Lanka in 1987 when he was prime minister. Perarivalan was a supporter of the Liberation Tigers of Tamil Eelam (LTTE), a rebel group fighting for a separate Tamil state in Sri Lanka. The rebels were finally defeated by Sri Lankan troops in 2009. On Wednesday, a three-judge bench of the Supreme Court invoked a section of the Indian constitution that grants it extraordinary powers 'for doing complete justice in any cause' to release Perarivalan, one of seven people convicted in the case, considering that he had been in jail for more than 30 years. Over the years, governments in Tamil Nadu state had asked for those found guilty over the killing to be released. In 2000, the state governor had commuted the death sentence of Nalini, the only woman convicted in the case, and in 2014, the Supreme Court had commuted the death sentences of all the others on account of an 11-year delay in deciding their mercy petitions.",World
"Brandy Sloan was close to tears. The 43-year-old mother of two had reached a breaking point in her desperate search for baby formula when the fifth grocery store she rushed into contained the same as the previous four: empty shelves. 'You feel so defeated because you're supposed to be able to feed your children and you can't because there's nothing there,' she told the BBC. Brandy, who has a 15-month-old daughter and a recently adopted two-month-old son, is among the millions of American families struggling to feed their children amid a nationwide shortage of formula. Some are so desperate that they are attempting to make their own infant formula substitutes. Google searches for how to make formula at home have increased by 2400% in the last 30 days, according to Google Trends. Brandy is sceptical - and for good reason - but it's understandable why some parents feel compelled to ask the question. Supply chains have been strained throughout the pandemic, but an industry-wide infant formula shortage began to intensify in February when Abbott, a large manufacturer of powdered infant formulas, closed a facility and issued a voluntary recall after finding contamination. The company has since reached an agreement with US regulators to work to re-open, but cautioned it could take up to two months for products to hit the shelves. On Wednesday, US President Joe Biden - who is under mounting pressure to solve the crisis - invoked the Defense Production Act, a war-time measure, to boost domestic production of baby formula. He also ordered the Pentagon to fly in shipments from overseas. A bill to alleviate the shortage was also put before the House of Representatives for a vote. An analysis by the retail research firm Datasembly found that 43% of formula products were unavailable nationwide in the first week of May, and soared even higher in states like Tennessee, Texas and Iowa. In San Antonio, where Brandy lives, the shortage was 57% in late April, according to Datasembly. To cope, Brandy said she's seen a lot of people circulate a 1950s recipe for baby formula. 'You get the [people] from older generations saying, 'I turned out fine,' but things are a lot different than they were a generation ago,' she said. Dr Steven Abrams, former chair of the American Academy of Paediatrics' Committee on Nutrition, has also seen the same 1950s recipe online - and strongly advises against using it, diluting formula or attempting to come up with other homemade substitutes. 'The standard by which we develop infant formula is breast milk. We've come to understand breast milk better and better,' over the last 60 years, Dr Abrams said. 'If they're not breastfeeding, [the formula] has got to have all the nutrients in there'. Indeed, according to the US Centers for Disease Control and Prevention, infant mortality rates have fallen dramatically in the last half century, from 29.2 deaths per 1,000 live births in 1950, to 5.6 deaths in 2019. So-called 'homebrews' are particularly dangerous in the first months of infancy, Dr Abrams said, when nutrients like iron - critical for brain development - must be present in a baby's diet. Homemade formulas also pose challenges with sterility and continued use can result in severe malnutrition and, in extreme cases, death. If formula is not available in stores, the American Academy of Paediatrics advises parents to contact local paediatricians for samples, avoid big box-stores where supplies are more likely to be low, or switch to a store brand formula unless advised otherwise medically. In those cases, paediatricians can recommend available formula alternatives. This week, the Academy also said that infants over six months could be given whole cow's milk as a stopgap. Though cow's milk 'is not ideal and should not become routine', it is a better than diluting formula or attempting a homemade substitute, it said. The Academy also encouraged parents to use online communities and social media as a resource. But as the crisis deepens, in some online spaces those conversations can become toxic. Becoming a new parent is already a stressful time, Brandy said her 'nerve-wracking' journey has been made more difficult by online comments that pit breastfeeding parents against those who use formula. 'People don't understand that not every mom is just able to breastfeed like it's so easy,' she said, adding that she feels families with adopted children like hers have been 'erased' from the conversation. The shortage has also disproportionately impacted low-income women and children that rely on state-subsidised nutritional programmes to buy groceries. Nearly half of all infant formula sold nationwide is purchased through government-subsidised benefits. It can take a crisis for those in power to recognise the existing inequalities impacting the most vulnerable, said Jessica Owens-Young, an assistant American University professor who researches health inequity. As prices rise to meet an increased demand, she fears there will be long-term effects on low-income families. 'In urban areas, where things tend to cost a little bit more anyway, where are people pulling their money from? Are they taking away money that could pay rent or electricity?' she asked. Comments encouraging parents to 'just breastfeed' or shaming those who rely on formula, tend to overlook the realities of breastfeeding, she said. 'The way we construct the dialogue around maternal and infant health is reflective of the broader society's values around women and birthing people and children,' she said. 'Mothers and nursing people have been shamed for their choices for centuries'. Without an immediate end to the shortage in sight, Brandy said she's trying to stay focused on the positive interactions she's had online and acknowledges that a lot of parents are just scared. She also said she feels lucky. After putting an 'emergency SOS' out on social media, a friend in Arizona mailed her a few cans of formula that she hopes will hold her over until the shortage eases. 'I could waste time being mad, but that's not going to feed our babies,' she said. 'It's time to get resourceful. I think more should be done to safeguard us and prevent this from happening again'.",World
"A New York man has a beef to pick with McDonald's and Wendy's: misleading adverts he says make their burgers look much bigger than they actually are. In a proposed class-action lawsuit, he accuses the fast food giants of unfair and deceptive trade practices. He is seeking $50m (£40.3m) in damages for himself and other similarly duped customers. The chains did not comment immediately on the case, which compiles many complaints from social media. Rival Burger King was hit with a similar lawsuit in Florida in March, by the same law firms representing New Yorker Justin Chimienti. While Burger King has yet to respond in court, an amended complaint shows that more unhappy customers have signed onto the suit. The companies' adverts are 'unfair and financially damaging consumers as they are receiving food that is much lower in value than what is being promised', the complaints say. The 'actions are especially concerning now that inflation, food, and meat prices are very high and many consumers, especially lower income consumers, are struggling financially,' they add. Oatly ads banned over 'misleading' green claims The lawsuit against McDonald's and Wendy's says the burgers in the marketing are at least 15% larger than they are in real life. It includes some of the reactions on social media calling out the firms for the discrepancy. 'It's looking a little sad... not like the picture,' one YouTube reviewer, cited in the lawsuit, said of Wendy's Bourbon Bacon Cheeseburger. 'It's going to be a small burger folks. I am just telling you straight up what to expect so you won't be disappointed like me,' said another. Those kinds of comments are unlikely to be enough to win a case in US court, according to Mark Bartholomew, law professor at the University of Buffalo in New York. He said a court would be looking for proof that customers were actually fooled and that the adverts affected purchasing decisions. 'Both of those are an uphill battle for the plaintiff to prove,' he said, noting that the fast food companies could likely argue that the public expects some exaggeration in a marketing campaign. 'My guess is that what they really want is a settlement and this will never go to a full blown trial.' In the UK, regulators banned a Burger King ad in 2010, upholding complaints that the chain's chicken sandwiches were much smaller than advertised. But it's relatively unusual to see this kind of case in the US, where many advertising disputes are between competitors and resolved quietly through an industry body, said Deborah Gerhardt, law professor at the University of North Carolina-Chapel Hill. 'A lot of the disputes never even come to light,' she added.",World
"Katerina closed her eyes and took a breath when I asked about her husband, a fighter, who is still thought to be in the maze of tunnels beneath the Azovstal steel plant in Mariupol. She'd been calm and composed until now. She too spent more than two months in one of the bunkers under the vast industrial facility with her two sons where the bombardment felt like it would never end. 'The missiles were so heavy it felt like the bunker walls were moving and the rooms themselves became smaller,' she told me. 'Sometimes there was a one-hour break and we hoped maybe that's it. Maybe that's the end of it. But no. They carried on.' Behind us, her two boys, aged 6 and 11, were playing with guns made from paper and duct tape. 'They are adapting to being outside again,' said Katerina. 'Seeing them running around in the sun again is the best feeling in the world.' She remembers all three of them being 'blinded by light' as they finally emerged after two months in their dark refuge under the steel plant. As the two boys duck and dive behind the trees in the park, they pretend they're fighting Russians. At one point they drop to the ground and shout 'cover your ears'. One gives the shout of 'all clear' and they stand up and get going again. It's haunting to watch. Even the games with the guns feel realistic as they practice putting in a fresh magazine of bullets. They have obviously seen this up close. Katerina believes their father is still at the plant. She heard from him earlier this week and he was his usual upbeat self. 'He is a very strong man, strong in spirit. He has been supporting me all my life.' It was love at first sight, she told me with a smile. Their hometown of Mariupol has now been hollowed out by Russian bombs. Katerina first took her two boys to the Azovstal steel plant in early March, just after the first strikes on the port city. She thought they would use it as a shelter for maybe one or two days - a week at most. But as the bombing intensified, they had to stay below ground for more than 60 days. Supplies dwindled. Food and water became scarce - along with information. As Russian forces encircled the city, she and around 30 others in their bunker were cut off. Occasionally she would get a visit from her husband as he and around 1,000 other Ukrainian fighters continued to defend the steel plant - their last holdout. 'Whenever he visited us there, he would always tell us to hang in there, boosting everyone's morale, joking, laughing, cheering, telling us that we should not worry and that everything is fine. 'It was frightening because they were coming and leaving under shelling. It was weird to see them that cheerful, but I don't think there was any other way. In terms of morale and spirit, I think he is one of the strongest there.' Katerina was finally brought above ground during an operation to free civilians organised by the Red Cross and the United Nations. I first met her at the evacuation centre in Zaporizhzhia. When she stepped off the bus she had everything she owned stuffed in a rucksack on her back. 'There were several times when we were losing hope that we would ever get out,' she told me back then. Now, two weeks on, she is trying to plan a future for her family. Her home has been destroyed, she has spent two months in a cold and fetid bunker beneath a steel plant and now she is watching and waiting for news for her husband. And yet she remains upbeat - resilient. 'I am confident that it will be fine for us. I'm confident that Ukraine is going to win and stay and independent state.'",World
"(CNN)Mexico has officially registered more than 100,000 people as missing or disappeared, according to data from the Interior Ministry's National Registry of Missing People. From 1964 to the present day, the country has registered more than 100,023 people missing, of which more than 24,700 are women, and more than 74,700 are men. The gender of 516 people is unknown. The figure has risen by more than 20,000 people in the past two years alone, according to the data, which was met with outrage and urgent calls for better systems for search and rescue. Only 35 of the disappearances recorded have led to the conviction of the perpetrators, UN High Commissioner for Human Rights Michelle Bachelet said in a statement Tuesday. 'No effort should be spared to put an end to these human rights violations and abuses of extraordinary breadth, and to vindicate victims' rights to truth, justice, reparation and guarantees of non-repetition,' said Bachelet. Marlene Harbig of the International Committee of the Red Cross (ICRC) discussed the trauma suffered by families with missing persons. 'The first few hours are the most important, when someone disappears, their relatives have the right to know what has happened,' said Harbig in a news release. 'Knowing the fate of disappeared persons is primarily a humanitarian act.' Despite the numbers, Bachelet highlighted progress made by the Mexican government, recognizing Mexico as the first country to allow a visit by the UN Committee on Enforced Disappearances to work with authorities in 13 Mexican states. Both the ICRC and the UN have called for family members to be allowed to work with government authorities in working to find their loved ones. According to a statement to the media, Michele Bachelet requested the government 'to place the families of those who have disappeared at the center of their efforts, and to make the necessary resources available for investigations and searches to be effective.'",World
"We've written multiple recent newsletters about the possible impending demise of Roe v. Wade, the 1973 Supreme Court decision that gave American women the right to obtain an abortion. Today there's reason to focus on another topic related to gender and with ties to a major 1970s milestone. The big news in gender equality is that the US Soccer Federation announced a new 50-50 split in the way it pays men and women competing for the US national soccer teams. The deal announced on Wednesday means both sides will receive the same pay and prize money, including for participating at World Cups. The agreement is the result of years of lawsuits and lobbying by players for the spectacular US Women's National Team. The idea of the women's side achieving parity with the fair-to-middling (by international soccer standards) US Men's National Team is something to celebrate. 'This is a truly historic moment,' said US Soccer President Cindy Parlow Cone in a statement on Wednesday, according to CNN's report. 'These agreements have changed the game forever here in the United States and have the potential to change the game around the world.' It's not just about money, but also should improve the training and playing environment for American women. Supporters hope the agreement will be a worldwide model. 50 years of Title IX Another worldwide model for gender equality is Title IX, the civil rights law signed in June 1972, less than a year before the Supreme Court's Roe v. Wade decision. It prohibits discrimination based on sex in education programs or activities that receive federal money, including sports. Title IX has also been the subject of numerous lawsuits and controversies, most recently around how transgender college athletes should be included in competition. It's hard not to see the US Women's National Team's success as a beneficiary of Title IX and the outsize growth of women's sports in the US compared with other countries. While Wednesday's agreement is another step toward equality, there's clearly still a long way to go, as I learned when I wrote about Title IX back in 2019 after the US Women's National Team won their second consecutive World Cup. Women in sports still make a LOT less money Despite the revenue-sharing agreement for US soccer, the economics of women's professional sports are very different than they are for American men. Brittney Griner is the American basketball player being wrongfully held in Russia. A seven-time Women's National Basketball Association All-Star, she started playing in Russia in 2015 during the league's offseason -- in search of a larger paycheck than the low six-figure salaries the WNBA offers top players. The equivalent to Griner in the NBA might be Kyrie Irving, a seven-time All-Star and US national team player who makes tens of millions of dollars. While she needed to spend part of the year playing in Russia to make money, he didn't play home games this season because he refused to get a Covid-19 vaccine. A $10,000 American pay gap For American women more generally, the pay gap between men and women is smaller than it used to be, but it is still annoyingly large. The national median earnings for an American man are $53,544, according to the Census Bureau. Women make about $10,000 less in a year, at $43,394, although the gap varies across the country. Pay gaps across the US Women and men are paid on essentially equal footing in Puerto Rico, although the wages for both men and women there are half the median elsewhere in the country. There is a discrepancy in every US state -- a $21,000-plus gap in Wyoming (the highest) and a gap below $5,000 in Vermont (the lowest), according to the Census data, which is based on surveys and reflects information from 2019. Why does the pay gap exist? Here's what the Census Bureau statistician Megan Wisniewski wrote in March: 'There are a multitude of factors that may contribute to earnings differences between women and men: age, number of hours worked, presence of children, and education. The types of jobs women and men hold, and the earnings difference among these occupations also contribute to gaps in overall earnings.' Also in March, on Equal Pay Day, CNN asked a number of successful women leaders in business and politics to explain the pay gap and what could be done about it. The reasons noted in several of the responses were that women shoulder more responsibility in American homes, it's often hard to uncover the pay gap, and it's difficult for women to pursue both a family and a career. Their suggestions ranged from new laws to require parity to more help paying for child care and more transparency about what men and women are making. More American women now graduate from college than men So much has changed for American women since the '70s, and not just in college sports. In 1970, before Title IX, 12% of women ages 25 to 34 received a bachelor's degree, compared with 20% of US men. In 2021, it was nearly half of women, 46%, who earned a bachelor's degree, compared with a smaller proportion of men, 36%, according to the Pew Research Center. But the pay gap persists The overall pay gap, which changes depending on education and career, averages to American women making 83 cents for every dollar American men make, per 2020 data. Back in the early '70s, before Roe v. Wade and Title IX, the gap was closer to 61 cents for every dollar. Progress has been slow and incomplete.",politics
"TV doctor Mehmet Oz finds himself in a nip-and-tuck race with wealthy businessman David McCormick in the fight for the Republican Senate nomination in Pennsylvania. And his highest-profile backer has some words of advice. 'Dr. Oz should declare victory,' counseled Trump via a tweet truth on his Truth Social site. 'It makes it much harder for them to cheat with the ballots that they 'just happened to find.'' Uh, OK. What Trump's statement makes clear is that he hasn't learned the right (or any) lessons from the 2020 election. (And no, I am not surprised.) For Trump -- in politics and life -- perception is all that matters. When you declare bankruptcy, as Trump has done, make sure everyone knows it's a strategic (and smart) move. When you lose -- whether it's in the 2016 Iowa caucuses or the 2020 general election -- insist that you, in fact, won. Tell everyone you won enough times, and they might start to believe it. (Remember that polls show a clear majority of Republican voters now say that Joe Biden did not win the 2020 election fair and square.) Oz, at least so far, hasn't taken Trump's advice. 'When all the votes are counted, we will win,' Oz predicted at a rally on Tuesday night. Which isn't the same thing as declaring victory. It's unlikely we will know who won the GOP Senate primary for at least several days. 'Next Tuesday, the counties will send their unofficial returns to me,' Pennsylvania Secretary of State Leigh Chapman told CNN on Wednesday. 'At that time, I'll make a determination as to whether or not we want to move forward with the automatic recount.' (A recount is triggered if the winning margin is less than .5%. As of Wednesday afternoon, Oz was leading McCormick by .2%.) Given all of that, the responsible thing to do is wait until all the ballots are counted (or recounted) before declaring victory. Which is the opposite of what Trump wants Oz to do. The Point: All Trump cares about is winning -- at all costs. Even if it undermines the public's faith in the political process.",politics
"Pennsylvania cleaned up its act pretty quickly! Less than two years removed from supposed widespread fraud that led to Joe Biden carrying Pennsylvania in the 2020 election, the state managed to conduct a perfectly clean election that saw state Sen. Doug Mastriano win the Republican governor's nomination and a tight affair for the GOP Senate nomination between TV doctor Mehmet Oz and wealthy businessman David McCormick. I am, of course, kidding. There is no evidence of widespread fraud in the 2020 election -- in Pennsylvania or anywhere else. But it is striking that the same people who insisted, against all available evidence, that the 2020 election was stolen from Donald Trump are now silent when the result is more to their liking. It's almost as if the election deniers -- and I am just spitballing here -- were simply upset that their preferred candidate didn't win and so decided to cry foul. Consider Mastriano. He built a national reputation on his embrace of the 'big lie' that the 2020 election was stolen from Trump. Shortly after the election, Mastriano led a state Senate committee hearing that devolved into a pep rally for Trump conspiracy theorists. Former New York City Mayor Rudy Giuliani was in attendance and the former President called in by phone to argue, falsely, that he won the election. Mastriano continued to actively work to overturn the 2020 election results in Pennsylvania. He was not only in Washington on January 6, 2021, for the 'Stop the Steal' rally, but used campaign funds to charter buses to the nation's capital that day. In his endorsement of Mastriano, Trump praised the state senator for fighting against (made-up) election corruption. 'There is no one in Pennsylvania who has done more, or fought harder, for Election Integrity than State Senator Doug Mastriano,' Trump wrote. And yet, for all of his railing against the 2020 election results in Pennsylvania, Mastriano said nary a word about the safety and security of the election he won Tuesday night. Even in the Senate race, where just 2,000 votes separate Oz and McCormick, there was no mention about the potential fraud in such a close race, where outstanding mail-in ballots could swing the outcome. 'It's a jump ball,' one Oz adviser told CNN. 'Based on how many uncounted absentee ballots there are and the margin by which Dave has won them so far, that's why we are confident of victory. Dave will win this race,' tweeted Jeff Roe, a consultant for McCormick. That's a far cry from what the candidate himself told NBC recently when asked whether Biden legitimately won the 2020 election. 'So the three-day extension of the ballot, the lack of secure ballot boxes, the lack of oversight in many of the precincts of Philadelphia, so the majority of Republican voters in Pennsylvania do not believe in the outcome of the election,' McCormick said. 'That's a terrible thing. If you're somebody who served in the military for the specific purpose of making sure that our democracy thrives, that's a major problem. So we have to fix that and one way to fix that is to have a great senator win in 2022. That makes sure that we have an accurate election in 2024.' The utter lack of complaining about the sanctity of the election is deeply telling about why the likes of Mastriano have spent the last 18 months insisting that the 2020 election was stolen. It's not about facts that point to that conclusion. Instead, it's a way to explain away an outcome that they didn't like.",politics
"Future President Gerald Ford was the top Republican in the House when he forwarded tips about UFO sightings to the Air Force in 1966. The Air Force sent an astrophysicist, J. Allen Hynek from Northwestern University, to Michigan to investigate. 'Swamp gas' was Hynek's 'flippant' explanation, according to a frustrated press release Ford issued, demanding a congressional investigation into UFOs. The investigation never happened. And if you want to go down the rabbit hole of what Hynek saw and whether it was actually swamp gas, this Michigan Radio report is worth the click. Today, the military is being very careful not to appear flippant about UFOs. In fact, the number of UFO sightings logged by the US government near government property is on the rise, a US Navy Intelligence official told lawmakers on Tuesday in the first public congressional hearing on UFOs in more than 50 years. 'Reports of sightings are frequent and continuing,' Deputy Director of Navy Intelligence Scott Bray told members of the House Intelligence Committee. Remove the stigma of UFO sightings. Call them UAPs Bray said the military has worked hard to remove the stigma around reporting UFOs, which they refer to as 'unexplained aerial phenomena,' or UAPs. There's a process, introduced in 2019, for Navy pilots and other military personnel to reporting a sighting. Guidelines are posted in the cockpits of military aircraft. 'The message is now clear: If you see something, you need to report it,' Bray said. Read CNN's full report on the hearing from congressional reporter Clare Foran. Or watch the hearing on YouTube. An official office of UAP inquiry The Pentagon recently created a dedicated office to 'facilitate the identification of previously unknown or unidentified airborne objects in a methodical, logical and standardized manner,' according to another official, Undersecretary of Defense for Intelligence and Security Ronald Moultrie. Critics of the office, such as Luis Elizondo, the former head of an informal UFO review within the military that helped spark new official interest, have worried that the emphasis on intelligence will cut down on transparency and accountability. Sightings are on the rise When the Office of the Director of National Intelligence released a landmark report on UAPs in 2021, it referred to 144 reports from government sources. That figure now exceeds 400, Bray said, although many of those reports are from previous years and most lack the documentary evidence that might be needed for a more thorough Evidence is hard to come by Bray showed several videos to lawmakers: one featuring a few frames of a fast-moving UAP that has not been identified, and two featuring triangle-shaped lights recorded by camera through night vision goggles. The government now thinks it's an illusion of light passing through the goggles and into the camera that created the triangular shape. The idea behind this new UFO openness is the government wants to better understand unexplained objects to make sure they don't represent some new and threatening technology. 'Any object that we encounter can likely be isolated, characterized, identified and, if necessary, mitigated,' Moultrie said. Most objects can be explained UAPs often end up being weather balloons or new technology. But there is a bin of unexplained incidents that require more study, Bray said. Both officials said they are committed to transparency. 'Our goal is not to potentially cover up something,' Moultrie said. But they're not exactly committed to total openness and talked about a balance between transparency and what Moultrie called 'preserving our warfighting advantage.' Classified briefing to follow That's a gaping and subjective loophole. Conspiracy theorists will worry the lawmakers heard the really juicy stuff at a classified hearing later Tuesday. There is certainly now agreement that there's danger in the unexplained. 'Unidentified aerial phenomena are a potential national security threat, and they need to be treated that way,' said Rep. André Carson of Indiana, the Democratic lawmaker who convened the hearing. The top Republican at the hearing said he'd rather hear about hypersonic weapons the US knows is being developed by China and Russia, but UAPs are a worthy topic too. 'Inasmuch as this topic may help us better understand unknown activities of Russia and China, I am on board,' said Rep. Rick Crawford of Arkansas. More disclosures across the intelligence community Moultrie argued there's a movement toward more disclosures in the intelligence community. I think Moultrie was referring to the disclosure of intelligence about Russia's plan to invade Ukraine when he said the following: 'Just over the last three or four months I think that the intelligence community and the national defense apparatus have disclosed more info on various events than it has in probably the previous 10 years.' A long way from Project Blue Book Even this appearance of transparency is a very different approach to UAPs than the secretive government UFO sighting program of the '40s, '50s and '60s. Specifically, Project Blue Book, run by the Air Force, is what launched a million conspiracy theories. Think Roswell, New Mexico. Project Blue Book was shuttered in the late '60s after 12,618 sightings were reported and 701 remained unexplained. Read about it at the National Archives website. The program was expensive, and none of the reported UFO sightings were shown to be a national security threat, according to the Air Force. Tic Tac video helped reignite inquiries When the catalog of recent UAP sightings was released by the Director of National Intelligence in 2021, CNN's Anderson Cooper talked to retired Navy Lt. Commander Alex Dietrich. She was one of the pilots who witnessed a UAP in November 2004. It was recorded on grainy video in the famous 'Tic Tac' video (the object was white and oval). It moved in unexpected directions at shocking speed and had no visible means of propulsion. See the Tic Tac video. Watch Cooper's interview with Dietrich. And read some possible terrestrial theories for what it might be in this San Diego Union-Tribune report. Dietrich described 'interrogation-style' interviews with the Office of Naval Intelligence after that sighting. But she said it was important for people who see unexplained things to come forward, so that experts can study and explain them. 'I'm trying to reduce the stigma for other air crew -- so that if they see something, or when they see something, they'll say something. And that they will not feel embarrassed or ashamed to make the reports ... and that they'll contribute to this data pool of information that we have.'",politics
"UFOs are finally having a moment. In Congress that is. On Tuesday, for the first time in more than 50 years, a congressional hearing is being held to address UFOs -- or unidentified aerial phenomena (UAPs) as they are now known. 'For too long, the stigma associated with UAPs has gotten in the way of good intelligence analysis,' said Indiana Rep. André Carson, the chairman of the House Intelligence Committee's Counterterrorism, Counterintelligence, and Counterproliferation subcommittee. 'Pilots avoided reporting, or were laughed at when they did. DOD officials relegated the issue to the back room, or swept it under the rug entirely, fearful of a skeptical national security community. Today, we know better. UAPs are unexplained, it's true. But they are real. They need to be investigated. And any threats they pose need to be mitigated.' Congress' openness to talk about flying objects with no known or proven origin has increased exponentially in recent years. That increased interest -- and ramped-up belief that UAPs pose a national security threat -- began in earnest in April 2020 when the Pentagon released three short videos documenting UAPs. As CNN wrote at the time: 'The videos show what appear to be unidentified flying objects rapidly moving while recorded by infrared cameras. Two of the videos contain service members reacting in awe at how quickly the objects are moving. One voice speculates that it could be a drone.' Then last summer, the US intelligence community issued an unclassified report to Congress on UAPs that, among other things, detailed 144 UAP sightings or incidents -- documented by military aviators -- between 2004 and 2021. The report also included these lines: 'In 18 incidents, described in 21 reports, observers reported unusual UAP movement patterns or flight characteristics. Some UAP appeared to remain stationary in winds aloft, move against the wind, maneuver abruptly, or move at considerable speed, without discernable means of propulsion.' Which, whoa! That UFOs UAPs are having a moment in Congress would be of considerable gratification to the late Nevada Sen. Harry Reid, who, for a very long time, was a lone voice in pushing the importance of studying this phenomenon more closely. Reid had advocated for the creation of the secretive Advanced Aerospace Threat Identification Program (AATIP), which was housed within the Department of Defense. In a 2017 profile of the program, The New York Times wrote: 'The Defense Department has never before acknowledged the existence of the program, which it says it shut down in 2012. But its backers say that, while the Pentagon ended funding for the effort at that time, the program remains in existence. For the past five years, they say, officials with the program have continued to investigate episodes brought to them by service members, while also carrying out their other Defense Department duties.' In 2019, Reid defended the $22 million he had earmarked for AATIP over his time in the Senate. 'We know that China is doing it,' Reid said in reference to studying UAPs. 'We know that Russia, which is led by someone within the KGB, is doing it, too, so we better take a look at it, too.' Added Reid: 'We got a volume of research that was done, $22 million worth of research. It showed that not two people, four people or six people or 20 people but hundreds and hundreds of people have seen these things, sometimes all at the same time.' The following year, Reid was blunt about his interest. 'I personally don't know if there exist little green men places,' Reid said. 'I kind of doubt that, but I do believe the information we have indicates we should do a lot more study.'",politics
"A deceptive new attack ad in Pennsylvania's Republican Senate primary tries to convince voters that late-surging candidate Kathy Barnette, who has vehemently opposed the Black Lives Matter movement and defunding the police, is a supporter of both. The ad is from Honor Pennsylvania, a super PAC backing one of Barnette's rivals in Tuesday's competitive primary, former hedge fund executive David McCormick. It's not the only recent ad to distort Barnette's past remarks and positions on race and policing. On Saturday, CNN fact-checked a misleading anti-Barnette ad from a super PAC backing surgeon and former television host Mehmet Oz. The pro-McCormick super PAC could not be reached for comment on Monday. Barnette's promotional hashtags The Honor Pennsylvania television ad begins with a photo of Barnette and a narrator asking, 'What do we really know about Kathy Barnette? She holds extreme views on race.' During the second sentence, the left side of the screen shows two things: a silent clip of Barnette talking and an image of a July 2020 tweet in which Barnette used the hashtags '#BLM' and '#DefundThePolice.' All-capitalized text on the right side of the screen repeats the narrator's claim: 'Kathy Barnette extreme views on race.' The clear suggestion, in the context of a Republican primary, is that Barnette is a supporter of Black Lives Matter and of the concept of defunding the police, both of which are unpopular with conservatives. If there was any confusion, the ad ends with the same image of Barnette's July 2020 tweet as the narrator and screen say, 'Conservatives can't trust Kathy Barnette.' Facts First: The ad's use of the Barnette tweet is highly misleading. Barnette has been consistently and sharply against Black Lives Matter and the concept of defunding the police. She tweeted the hashtags #BLM and #DefundThePolice in July 2020 merely to promote a video commentary in which she explicitly criticized both. Because she used the hashtags, people who were searching Twitter for the terms #BLM and #DefundThePolice would have encountered the link to her contrary arguments. Barnette, who is Black and right-wing, has long been scathing about Black Lives Matter. On Facebook earlier this year, she likened the movement to 'a bad case of herpes.' In December 2020, she included 'BLM' on a Facebook list of examples of how Democrats had unleashed 'literal hell' on the country. In 2017, she tweeted, '#BLM & #Antifa is just as racist & intolerant as #WhiteSupremacists!' In 2016, she tweeted, #BLM is a fraud.' What Barnette said in the 2020 video In July 2020, Barnette was in the midst of an unsuccessful Republican run for a seat in the US House of Representatives. She used the video commentary she promoted with the #BLM and #DefundThePolice hashtags to denounce both Black Lives Matter and the idea of defunding the police. In the video, which she posted on Facebook and Twitter after a 1-year-old was shot and killed near a New York City park, she said, 'Black Lives Matter Global Network Incorporated does not care about my Black life.' She continued: 'It does not care about the Black lives of those who are just trying to work, who are trying to provide for their family, who are keeping their nose clean, who just want to be able to take their Black child across the street to the park with the rest of their Black family.' She said later in the video that it is 'stupidity' for Democrats to believe that the Black Lives Matter Global Network organization is 'really trying to improve the lives of Black people.' She also said in the video, 'Defunding the police is stupid, people. Abolishing the police is stupid, people. Black people, do not fall for the okey-doke. Do not fall for these white liberals who are coming into our communities and telling us we need to remove law enforcement.' And she said at another moment of the video, 'When you defund the police, you take away the security for the poor people,' who can't afford private security.",politics
"A prominent Republican, Sen. Rick Scott of Florida, is still falsely describing what his own tax proposal says. President Joe Biden, meanwhile, is attacking Scott's proposal by misleadingly describing a key number from a think tank's analysis -- an analysis based on rough assumptions about what Scott might mean -- as if that number is much more definitive than the think tank says it is. The prolonged argument between Scott and Biden, which has flared once more this week, is centered on a brief item in a document Scott released in February. The document, which Scott calls 'An 11 Point Plan to Rescue America,' includes this two-sentence proposal: 'All Americans should pay some income tax to have skin in the game, even if a small amount. Currently over half of Americans pay no income tax.' Democrats pounced on the senator's proposal, correctly noting that forcing all Americans to pay some income tax would mean a tax increase for tens of millions of people. The Americans who don't pay federal income tax -- 75 million households in 2022, about 42% of the total, according to estimates from the Tax Policy Center think tank -- include both jobless and employed people who don't earn enough money to have to file tax returns; people who are eligible for refundable tax credits that exceed what they would otherwise owe in income tax; and some retirees, people with disabilities and stay-at-home parents. Some Republicans, including Senate Minority Leader Mitch McConnell of Kentucky, have also rejected Scott's tax proposal. And Scott -- the chairman of Senate Republicans' national campaign committee -- has responded to the criticism by backtracking. He has both wrongly denied that he proposed any tax increase at all and obfuscated about how broad the language in his plan actually is. Here's a fact check of a claim Biden made in a speech Wednesday, of a claim Scott made in an interview Wednesday and of the senator's continued insistence that he is not proposing a tax increase at all. Biden's claim about how much taxes would increase In a Wednesday speech to the International Brotherhood of Electrical Workers union, Biden said Scott had laid out a plan 'in writing.' 'It's in writing,' Biden repeated. 'And here's what it does: It raises taxes on 75 million American families, over 95% of whom earn less than $100,000 a year in a combined income. It would raise taxes by nearly $1,500 per family. It's all in writing. You can go online.' Facts First: Biden's framing of this 'nearly $1,500 per family' figure was misleading. This figure is not 'in writing' in Scott's own plan -- nor is it even from someone's analysis of a specific policy Scott laid out in his plan document. Rather, the figure is a rough estimate, from the Tax Policy Center, of an entirely hypothetical policy that would satisfy the Scott plan's vague call for all Americans to pay some income tax. A senior fellow at the Tax Policy Center, Howard Gleckman, said in an email to CNN that their team 'made assumptions about what a plan roughly like his idea might look like' and 'we did not analyze Scott's idea because it was not really a plan. It was just one sentence that left out many important specifics.' Richard Kaplan, a law professor at the University of Illinois Urbana-Champaign who's an expert on US tax policy, said in an email: 'In terms of 'skin in the game,' Sen. Scott provided no details, none. The Tax Policy Center analyzed a plan totally of their own creation that would ensure that everyone pays something, but its specific parameters cannot be attributed to Sen. Scott. He simply set out a general goal and might well balk when implementing provisions are considered.' Scott has already balked at the Tax Policy Center's hypothetical policy. Scott spokesperson McKinley Lewis said in a Thursday email that 'these figures have no basis in reality.' What the Tax Policy Center found Still, Biden could fairly invoke the 'nearly $1,500' figure if he did what the Tax Policy Center did -- transparently explain that the figure comes from a think tank's own suppositions about what a policy compliant with Scott's stated goal of having all Americans pay some income tax could look like. (The White House noted in an email that press secretary Jen Psaki more precisely referred to the figure in April as having come from 'one independent analysis.') The Tax Policy Center, a joint venture of the left-leaning Urban Institute and the Brookings Institution, said in the introduction to the analysis: 'Because Scott has not said how his plan would work, TPC analyzed a simple version consistent with his idea. ... Other versions of Scott's idea would carry a different price tag, though all would primarily burden low- and middle-income households.' The hypothetical policy that the Tax Policy Center analyzed was a minimum tax in which every household regardless of income would have to pay at least $100 in federal income tax per year. Its analysis found that, among the 42% of American households that would face tax increases, the average increase would be $1,480. That is indeed nearly $1,500. But, again, Scott has not endorsed these particulars. Gleckman said that 'we don't know how much minimum tax he'd have everyone pay, and we don't know exactly who would be taxed and who would be exempt.' Another analysis, from the left-leaning Institute on Taxation and Economic Policy think tank, tested a different hypothetical policy that would satisfy Scott's proposal to have all Americans pay some income tax. Under that policy, the institute found that the poorest fifth of Americans would face an average tax hike of just over $1,000. Garrett Watson, senior policy analyst at the right-leaning Tax Foundation think tank, said in an email: 'A major part of the problem in the discussion is we are all extrapolating a tax proposal from one bullet point, where neither critics nor the advocate of the proposal agree on what the bullet point is saying or what the details would be.' Scott's claim about what his plan says On Wednesday morning, the day after another speech in which Biden had invoked the Tax Policy Center's numbers, Scott appeared on Fox and claimed that the President was 'confused.' The senator correctly said that the roughly $1,500 figure Biden invoked cannot be found in his plan. But Scott also said this: 'You go to RescueAmerica.com, there's nothing that the President said that's in there. What I've said is, let's get people back to work so they have skin in the game. I mean, think about it: We want people to work in this country.' At another point in the interview, Scott was asked if he is saying someone making $30,000 should pay even $30 in taxes to have 'skin in the game.' He responded, 'I think you get people back to work. What I've said basically is, you know, look: If they're able-bodied, get back to work. Guess what? When you work, you pay payroll taxes. You buy things, you pay sales tax. Maybe you buy a house, you pay property taxes.' Facts First: Scott was incorrectly describing what his plan says. The item on RescueAmerica.com does not say that Scott's proposal for everyone to have 'skin in the game' is limited to jobless able-bodied people; in fact, the item doesn't mention getting people back to work at all. It also says nothing about payroll taxes, sales taxes and property taxes. Again, the item simply calls for all Americans to pay some income tax -- making no exception for the tens of millions of people who are already working but don't pay federal income tax. (Gleckman said about 45 million households include such a person.) This, once more, is what Scott's item says in full: 'All Americans should pay some income tax to have skin in the game, even if a small amount. Currently over half of Americans pay no income tax.' Lewis, the senator's spokesperson, pointed CNN to an opinion article Scott published in April -- more than a month and a half after he had released the full plan -- in which he promised that his 'skin in the game' proposal 'wouldn't change anything' for either working-class Americans or retirees and instead would target only two groups: 1) able-bodied, working-age people 'who live off government handouts, even though they could be working,' and 2) 'very wealthy people' who hire professionals to help them avoid 'paying their fair share.' Scott himself tweeted on Thursday: 'I've been clear: if you're working, I don't want you to pay even $1 more in taxes.' And Lewis insisted in an email that 'people who are working are paying income taxes.' But, again, some working people are not paying income taxes, though many of them do pay other kinds of taxes. And Scott has not revised the unambiguous language in his original plan document, which does not exempt retirees or working people. Gleckman of the Tax Policy Center said: 'Scott has the plan he published, then he has tweets and op-eds where he says he didn't say what the plan says in plain English.' Scott's insistence that he hasn't called for a tax increase Speaking of plain English: Scott and his team continue to deny even that he has proposed any tax increase. The senator tweeted Thursday, 'I'm about getting folks back to work & I'll never support higher taxes.' In rejecting the Tax Policy Center's calculations, spokesperson Lewis said in his email that Scott hasn't called for 'any tax increases of any kind.' Facts First: These claims are just false. Scott's plan clearly proposed a tax increase in calling for 'all Americans' to pay some income tax. And the senator clearly proposed a tax increase even in the opinion article in which he said that his proposal was targeted only at wealthy people who are gaming the system and able-bodied, working-age people who are living off of government benefits. Even if Scott were calling only for currently jobless, benefits-receiving, able-bodied people to pay more in taxes, that is still support for higher taxes. And forcing 'all Americans' to pay some income tax, as his plan still says he wants, is very obviously support for higher taxes. It's not only Democrats who have interpreted Scott's plan as a call for a broad tax increase. When McConnell was asked about Scott's plan in March, he said that if Republicans retake the Senate in the midterm elections, 'We will not have as part of our agenda a bill that raises taxes on half the American people.' Gleckman said this week: 'All I know is the plain meaning of the words in (Scott's) Rescue America Plan is that he would impose income taxes on people who do not now pay income taxes. That is the very definition of a tax increase.'",politics
"A former Democratic congressional candidate went viral on Twitter over the weekend with a false claim that Tennessee has banned Plan B, a pregnancy-preventing emergency contraceptive known as a 'morning-after pill.' Pam Keith's inaccurate tweet came five days after Politico revealed a February draft opinion in which a Supreme Court majority appeared poised to overturn the landmark Roe v. Wade abortion decision of 1973. The news has raised questions about both the state-by-state future of abortion rights and whether some conservative states might try to restrict some forms of contraception. 'Tennessee just banned Plan B and made it a crime punishable by a $50,000 fine to order it,' Keith, a lawyer who ran unsuccessfully in Florida for the US Senate in 2016 and the House of Representatives in 2018 and 2020, tweeted on Saturday. Keith's claim is wrong in two significant ways. First, Tennessee has not banned Plan B or created any fine for residents who order it. Rather, Tennessee law bans people and businesses from providing abortion medication by mail, courier or delivery; Plan B, which prevents pregnancy in the first place, is not abortion medication. Second, Tennessee law doesn't allow people to be fined for ordering even abortion medication. The bill signed by Gov. Bill Lee last week makes it a felony, punishable by a fine up to $50,000, for providers of abortion medication to 'intentionally, knowingly or recklessly' break the law against dispensing that medication by mail, courier or delivery -- but the law explicitly exempts patients from penalties. Keith's tweet had been retweeted more than 26,000 times and shared in an additional 12,000-plus quote tweets as of Monday afternoon. Keith deleted it after CNN reached her by phone and asked if she planned to delete or issue a correction. 'I will admit my interpretation of it was mistaken,' Keith said after CNN explained what the law does say. She also said: 'I didn't claim to be a doctor, nor do I claim to be in Tennessee. ... I, in no way and no shape, had claimed to an expert on Tennessee's emerging law.' Before Keith's deletion, the claim had also been debunked by The Tennessean newspaper, by other journalists and by various Twitter users -- but it had also alarmed some Tennessee residents. Nina Gurak, policy director at Healthy and Free Tennessee, an organization that fights for 'reproductive freedom,' said in an email that misinformation about the new law had caused 'a lot of confusion' among Tennesseans in their network, prompting the organization to issue a clarifying statement on Instagram. What the Tennessee law does say Even before the bill that Lee signed last week, Tennessee law required abortion medication to be dispensed only by doctors and only in person, preventing distribution via telehealth appointment or by pharmacists. The new law increases the potential penalties for violators -- but it says, 'A criminal penalty shall not be assessed against a patient upon whom a chemical abortion is attempted or performed.' Gurak said: 'The new law does very little except enhance criminal penalties for providers.' Gurak added that exempting abortion patients from penalties doesn't prevent them from potentially being pressured into providing information on the providers of the medication they obtained. Regardless, the law's text makes it clear that it does not impose restrictions on Plan B. The law defines 'abortion-inducing drug' -- medication that Tennessee requires be distributed by doctors in person -- to mean medication 'provided with the intent of terminating the clinically diagnosable pregnancy of a patient, with knowledge that the termination will, with reasonable likelihood, cause the death of the unborn child.' Plan B is provided to prevent a pregnancy, not to terminate a pregnancy, and it is intended to be taken 72 hours or less from unprotected sex or a contraceptive accident, before pregnancy can be clinically diagnosed. The law also says that 'abortion-inducing drug' includes 'the off-label use of drugs known to have abortion-inducing properties that are prescribed specifically with the intent of causing an abortion, such as mifepristone, misoprostol, and methotrexate.' It does not mention levonorgestrel, the medication popularly branded as Plan B, which is not prescribed to cause abortion. The new law takes effect at the beginning of 2023. Tennessee also has a so-called trigger law that would ban most abortions as of 30 days after Roe v. Wade was overturned, with an exception for the life of the patient but not for pregnancies created through rape or incest.",politics
"The official White House Twitter account tweeted Thursday about the sharp decline in the unemployment rate during President Joe Biden's tenure -- but the tweet began with a false claim about Covid-19 vaccinations. 'When President Biden took office, millions were unemployed and there was no vaccine available,' the tweet said. On Friday afternoon, about four hours after the publication of the initial version of this fact check, the White House acknowledged on Twitter that the Thursday tweet was inaccurate. Facts First: It's just not true that 'there was no vaccine available' at the time Biden took office. About 3.5 million people were fully vaccinated against Covid-19 and about 19 million people had received at least one vaccine dose as of Biden's inauguration day on January 20, 2021, according to statistics published by the US Centers for Disease Control and Prevention. The US was already administering an average of more than 1 million doses a day at the time. The first doses administered outside trials were given on December 14, 2020, while President Donald Trump was still in office. And Biden himself received his second dose nine days before he was sworn in. Biden got the Pfizer/BioNTech vaccine, which obtained emergency use authorization from the US Food and Drug Administration under Trump on December 11, 2020. Moderna's vaccine was authorized for emergency use on December 18, 2020. The White House's Friday correction reads as follows: 'We previously misstated that vaccines were unavailable in January 2021. We should have said that they were not widely available. Vaccines became available shortly before the President came into office. Since then, he's responsible for fully vaccinating over 200 million people.' The White House is correct that vaccine availability was limited when Biden took office. It wasn't until April 2021, about three months into Biden's presidency, that all adults in every state were eligible for the vaccine. States' early rollouts generally restricted the vaccine to health care personnel and other essential workers, residents of long-term care facilities, and seniors. At the time Biden was inaugurated, it was often difficult even for people in eligible groups to secure an appointment. But saying 'there was no vaccine available' at the time he took office, period, went too far -- wrongly making it sound as if the whole vaccine rollout began under Biden. And while this fact check is focused on the tweet's claim about vaccine availability, it's worth briefly addressing the economic claims in the initial tweet too. Biden is free to tout the major decline in the unemployment rate during his tenure -- it has fallen from 6.4 percent in January 2021 to 3.6 percent in April 2022 -- but, as usual, the President's role in the improvement is the subject of debate. And though the tweet said that 'when President Biden took office, millions were unemployed,' there are still millions of people unemployed today despite the improved jobs situation. There were about 5.9 million unemployed people in April 2022, according to the US Bureau of Labor Statistics. Biden has made more accurate claims Biden himself has delivered more accurate claims about vaccination progress during his presidency. He has repeatedly said, including at least three times this month alone, that there were only 2 million people fully vaccinated at the time he took office compared to 220 million people fully vaccinated today. Though the real number of fully vaccinated people at the time he took office was more than 3 million -- Biden might have been relying on preliminary initial data that put the number around 2 million -- Biden's '2 million' figure is certainly much closer to the truth than the White House's initial claim that 'there was no vaccine available.' Biden also said in an April 2021 speech that 8 percent of people over the age of 65 had received a shot at the time he took office. (He was noting that this figure had since increased to 75 percent.) This story has been updated to include the White House's correction of its initial claim.",politics
"President Joe Biden has been taking credit for reducing the federal budget deficit, the annual gap between the money the government takes in and the money the government spends. 'Let me remind you again: I reduced the federal deficit,' Biden said in a speech on Wednesday. 'All the talk about the deficit from my Republican friends, I love it. I've reduced it $350 billion in my first year in office. And we're on track to reduce it, by the end of September, by another 1 trillion, 500 billion dollars -- the largest drop ever.' Biden's figures for both the 2021 fiscal year (which ran through last September) and the ongoing 2022 fiscal year (which runs through the coming September) are accurate, though the $1.5 trillion figure for 2022 is a projection. But some experts on fiscal policy say Biden is distorting reality when he claims that he is personally responsible for the deficit going down. The deficit has been smaller under the Biden administration than it was at the end of President Donald Trump's tenure. But the deficit has been bigger under the Biden administration than the nonpartisan federal Congressional Budget Office had projected it would be if the Biden-era federal government stuck with the laws that were in effect when Trump left office in early 2021. 'The actions of the administration and Congress have undoubtedly resulted in higher deficits, not smaller ones,' Dan White, senior director at Moody's Analytics -- an economic research firm whose analysis Biden has repeatedly touted in his speeches -- said in an email. 'It is encouraging that the administration has proposed some initiatives to bring down the deficit, but so far none of those initiatives has been seriously considered.' A smaller deficit than before -- but a bigger deficit than expected The roughly $2.8 trillion deficit in fiscal 2021, during which Biden was in office for more than eight months, was about $360 billion lower than the roughly $3.1 trillion deficit in fiscal 2020, Trump's last full fiscal year in office. A $360 billion decline is certainly substantial. The Congressional Budget Office, however, had estimated at the beginning of Biden's tenure that the fiscal 2021 deficit would be a decline of more than $870 billion if the Biden administration did not implement new policy. The Biden administration did implement new policy -- notably including a massive pandemic relief package. Marc Goldwein, senior vice president at the Committee for a Responsible Federal Budget, an organization that advocates deficit reduction, said in an interview that Biden's claims about having personally reduced the deficit are 'almost bizarro world,' a reversal of reality. The deficit would have fallen by much more 'had President Biden come to office and not done anything,' he said. It's important to note that Congress has the power of the purse in the federal government. Presidents propose budgets, but Congress habitually ignores them in favor of its own spending preferences. So both blame and credit should be shared. Goldwein said the Biden administration has 'a lot of good ideas' for reducing the deficit in the future. But so far, he said, Biden has 'done lots of things that have increased deficits' -- from signing the pandemic relief package to signing a major bipartisan infrastructure law to boosting food stamp benefits to extending the Trump-era pandemic pause on federal student loan repayments -- and has 'passed no pieces of legislation to directly reduce deficits.' Expiring pandemic spending has been the main factor So why, then, has the federal deficit gotten smaller at all under Biden, even if it has been higher than was originally projected at the time Biden took office? There are a number of factors at play -- including the economic rebound for which White, Goldwein and others say Biden can fairly take some credit. But the main factor is that temporary pandemic relief spending has been ending, bringing federal spending down from extraordinarily high levels. There was an explosion of short-term spending under Trump after the pandemic hit in 2020. Combined with the reduction in tax revenue largely caused by the pandemic-related economic crash, that temporary spending caused the deficit to skyrocket to an all-time record in fiscal 2020 -- the roughly $3.1 trillion that was more than triple the deficit of the year prior. So a decline from unprecedented 2020 deficit levels was always very likely. And even a big decline from those 2020 levels doesn't mean the deficit is low by historical standards. The roughly $2.8 trillion deficit in fiscal 2021 is the second-largest deficit in US history in nominal terms and, according to Goldwein's organization, the sixth-largest as a percentage of Gross Domestic Product. If the fiscal 2022 deficit does end up $1.5 trillion lower than the fiscal 2021 deficit, as Biden correctly noted the Treasury Department now expects, it would still be among the largest ever. And even with a $1.5 trillion decline from fiscal 2021, the fiscal 2022 deficit is still expected to be significantly higher than the deficit the Congressional Budget Office had projected for fiscal 2022 at the time Biden took office. Running a higher-than-expected deficit in fiscal 2021 provided more room for dramatic-sounding deficit reduction in fiscal 2022. The quick rebound has helped, too The deficit has a spending component and a revenue component. And it would be fair for Biden to boast about putting more revenue in government coffers through economic growth. Biden's $1.9 trillion pandemic relief bill not only increased government spending but helped fuel an unusually rapid recovery from the 2020 crash -- a recovery that generated additional tax payments as well as reducing spending on unemployment benefits in particular. Joel Friedman, senior vice president for federal fiscal policy at the liberal Center on Budget and Policy Priorities think tank, said in an email that the deficit has fallen under Biden in part because pandemic measures have expired but also 'because of strong economic growth' Friedman said is 'related' to the pandemic measures. The 'robust' federal pandemic response not only reduced hardship, Friedman said, but 'helped make the Covid-19 recession the shortest on record and helped fuel an economic recovery that has brought the unemployment rate down to 3.6 percent and boosted revenue.' The deficit did increase under Trump While claiming credit for the deficit falling during his own presidency, Biden has also taken aim at Republicans' fiscal stewardship -- saying in his Wednesday speech that the deficit 'went up every year under my predecessor, before the pandemic and during the pandemic.' That part is true. Trump's tax cuts and other policies led to a sharp increase in the deficit even before Covid-19. The deficit was $439 billion under President Barack Obama in fiscal 2015 and $587 billion in fiscal 2016, Obama's last full fiscal year in office. It rose to $666 billion in fiscal 2017, Trump's first partial fiscal year in office; rose again to $779 billion in fiscal 2018; then rose once more to $984 billion in fiscal 2019 before the pandemic-related tripling in fiscal 2020.",politics
